<?xml version="1.0" encoding="UTF-8"?>
<deploy xmlns="http://www.apache.org/ode/schemas/dd/2007/03" xmlns:GrapesWSDL2="http://www.example.org/GrapesWSDL2/" xmlns:sample="http://eclipse.org/bpel/sample">
  <process name="sample:IMSEGrapesOrder">
    <active>true</active>
    <retired>false</retired>
    <process-events generate="all"/>
    <provide partnerLink="client">
      <service name="sample:IMSEGrapesOrderService" port="IMSEGrapesOrderPort"/>
    </provide>
    <invoke partnerLink="GrapesCompanyOne">
      <service name="sample:IMSEGrapes" port="IMSEGrapesPort"/>
    </invoke>
    <invoke partnerLink="GrapseProducerTwo">
      <service name="GrapesWSDL2:GrapesWSDL2" port="GrapesWSDL2SOAP"/>
    </invoke>
  </process>
</deploy>